{
  "per_query": {
    "bitcoin": {
      "P@1": 1.0,
      "P@3": 1.0,
      "P@5": 1.0,
      "P@10": 1.0,
      "P@15": 1.0,
      "P@20": 1.0
    },
    "ethereum": {
      "P@1": 1.0,
      "P@3": 1.0,
      "P@5": 1.0,
      "P@10": 1.0,
      "P@15": 1.0,
      "P@20": 1.0
    },
    "dogecoin": {
      "P@1": 1.0,
      "P@3": 1.0,
      "P@5": 1.0,
      "P@10": 1.0,
      "P@15": 1.0,
      "P@20": 1.0
    },
    "solana": {
      "P@1": 1.0,
      "P@3": 1.0,
      "P@5": 1.0,
      "P@10": 0.7,
      "P@15": 0.4666666666666667,
      "P@20": 0.35
    },
    "cardano": {
      "P@1": 1.0,
      "P@3": 1.0,
      "P@5": 1.0,
      "P@10": 1.0,
      "P@15": 1.0,
      "P@20": 1.0
    },
    "defi": {
      "P@1": 1.0,
      "P@3": 1.0,
      "P@5": 1.0,
      "P@10": 1.0,
      "P@15": 1.0,
      "P@20": 1.0
    },
    "etf": {
      "P@1": 1.0,
      "P@3": 1.0,
      "P@5": 1.0,
      "P@10": 1.0,
      "P@15": 1.0,
      "P@20": 1.0
    },
    "halving": {
      "P@1": 1.0,
      "P@3": 1.0,
      "P@5": 1.0,
      "P@10": 1.0,
      "P@15": 1.0,
      "P@20": 1.0
    },
    "airdrop": {
      "P@1": 1.0,
      "P@3": 1.0,
      "P@5": 1.0,
      "P@10": 1.0,
      "P@15": 1.0,
      "P@20": 1.0
    },
    "ordinals": {
      "P@1": 1.0,
      "P@3": 1.0,
      "P@5": 0.6,
      "P@10": 0.3,
      "P@15": 0.2,
      "P@20": 0.15
    }
  },
  "per_k": {
    "P@1": 1.0,
    "P@3": 1.0,
    "P@5": 0.96,
    "P@10": 0.9,
    "P@15": 0.8666666666666666,
    "P@20": 0.85
  },
  "threshold": 0.1,
  "K": [
    1,
    3,
    5,
    10,
    15,
    20
  ]
}