{
  "per_query": {
    "bitcoin": {
      "Sim@1": 0.3833,
      "Sim@3": 0.37013333333333326,
      "Sim@5": 0.35772,
      "Sim@10": 0.34438,
      "Sim@15": 0.3345066666666667,
      "Sim@20": 0.32730000000000004
    },
    "ethereum": {
      "Sim@1": 0.567,
      "Sim@3": 0.5235,
      "Sim@5": 0.48864,
      "Sim@10": 0.44819,
      "Sim@15": 0.42621999999999993,
      "Sim@20": 0.40950499999999995
    },
    "dogecoin": {
      "Sim@1": 0.5019,
      "Sim@3": 0.48300000000000004,
      "Sim@5": 0.46572,
      "Sim@10": 0.41290000000000004,
      "Sim@15": 0.3859266666666667,
      "Sim@20": 0.3697750000000001
    },
    "solana": {
      "Sim@1": 0.2053,
      "Sim@3": 0.1892666666666667,
      "Sim@5": 0.17760000000000004,
      "Sim@10": 0.12952000000000002,
      "Sim@15": 0.09990666666666666,
      "Sim@20": 0.07916999999999999
    },
    "cardano": {
      "Sim@1": 0.4311,
      "Sim@3": 0.41300000000000003,
      "Sim@5": 0.38192,
      "Sim@10": 0.35147000000000006,
      "Sim@15": 0.3366866666666667,
      "Sim@20": 0.32523
    },
    "defi": {
      "Sim@1": 0.2966,
      "Sim@3": 0.2897666666666667,
      "Sim@5": 0.27627999999999997,
      "Sim@10": 0.23443,
      "Sim@15": 0.20286666666666664,
      "Sim@20": 0.18098999999999998
    },
    "etf": {
      "Sim@1": 0.3708,
      "Sim@3": 0.308,
      "Sim@5": 0.28306,
      "Sim@10": 0.25399000000000005,
      "Sim@15": 0.23595333333333335,
      "Sim@20": 0.222995
    },
    "halving": {
      "Sim@1": 0.4189,
      "Sim@3": 0.3805666666666667,
      "Sim@5": 0.36446000000000006,
      "Sim@10": 0.32193,
      "Sim@15": 0.29542,
      "Sim@20": 0.27447499999999997
    },
    "airdrop": {
      "Sim@1": 0.3865,
      "Sim@3": 0.2876,
      "Sim@5": 0.26098,
      "Sim@10": 0.22225,
      "Sim@15": 0.20703333333333332,
      "Sim@20": 0.19566
    },
    "ordinals": {
      "Sim@1": 0.1757,
      "Sim@3": 0.1493,
      "Sim@5": 0.11734,
      "Sim@10": 0.07818,
      "Sim@15": 0.05380666666666667,
      "Sim@20": 0.03628000000000001
    }
  },
  "per_k": {
    "Sim@1": 0.37371,
    "Sim@3": 0.33941333333333334,
    "Sim@5": 0.317372,
    "Sim@10": 0.27972400000000003,
    "Sim@15": 0.25783266666666665,
    "Sim@20": 0.24213800000000002
  },
  "K": [
    1,
    3,
    5,
    10,
    15,
    20
  ]
}